Threshold,Precision,Recall,F1
0.64,0.43388429752066116,0.5865921787709497,0.498812351543943
0.67,0.47,0.5251396648044693,0.49604221635883905
0.65,0.4439461883408072,0.553072625698324,0.4925373134328358
0.63,0.4163424124513619,0.5977653631284916,0.4908256880733945
0.57,0.38080495356037153,0.6871508379888268,0.4900398406374502
0.68,0.4712041884816754,0.5027932960893855,0.4864864864864865
0.66,0.4481132075471698,0.5307262569832403,0.4859335038363171
0.58,0.37942122186495175,0.659217877094972,0.4816326530612245
0.62,0.40225563909774437,0.5977653631284916,0.48089887640449436
0.59,0.38333333333333336,0.6424581005586593,0.4801670146137787
0.56,0.3654970760233918,0.6983240223463687,0.4798464491362764
0.61,0.3927272727272727,0.6033519553072626,0.47577092511013214
0.6,0.3801369863013699,0.6201117318435754,0.4713375796178344
0.55,0.35294117647058826,0.7039106145251397,0.4701492537313433
0.69,0.4715909090909091,0.46368715083798884,0.4676056338028169
0.7,0.4878048780487805,0.44692737430167595,0.46647230320699706
0.54,0.3450134770889488,0.7150837988826816,0.46545454545454545
0.49,0.32798165137614677,0.7988826815642458,0.46504065040650405
0.52,0.3358395989974937,0.7486033519553073,0.46366782006920415
0.53,0.3385012919896641,0.7318435754189944,0.4628975265017668
0.48,0.32222222222222224,0.8100558659217877,0.4610492845786963
0.5,0.32629107981220656,0.776536312849162,0.45950413223140496
0.47,0.3169164882226981,0.8268156424581006,0.4582043343653251
0.51,0.32608695652173914,0.7541899441340782,0.45531197301854975
0.46,0.3125,0.8379888268156425,0.4552352048558422
0.71,0.4807692307692308,0.41899441340782123,0.44776119402985076
0.45,0.3038229376257545,0.8435754189944135,0.4467455621301775
0.44,0.2980392156862745,0.8491620111731844,0.4412191582002903
0.43,0.29174664107485604,0.8491620111731844,0.4342857142857143
0.42,0.2897727272727273,0.8547486033519553,0.4328147100424328
0.41,0.2833333333333333,0.8547486033519553,0.42559109874826145
0.4,0.2818181818181818,0.8659217877094972,0.4252400548696845
0.39,0.27807486631016043,0.8715083798882681,0.42162162162162165
0.38,0.2722602739726027,0.888268156424581,0.4167758846657929
0.72,0.4782608695652174,0.3687150837988827,0.416403785488959
0.37,0.26800670016750416,0.8938547486033519,0.41237113402061853
0.36,0.26567656765676567,0.8994413407821229,0.4101910828025478
0.35,0.2630718954248366,0.8994413407821229,0.40707964601769914
0.73,0.48091603053435117,0.35195530726256985,0.4064516129032258
0.34,0.2604501607717042,0.9050279329608939,0.4044943820224719
0.33,0.2575516693163752,0.9050279329608939,0.400990099009901
0.31,0.25076452599388377,0.9162011173184358,0.3937575030012005
0.74,0.5,0.3240223463687151,0.39322033898305087
0.32,0.25116279069767444,0.9050279329608939,0.3932038834951456
0.3,0.24812030075187969,0.9217877094972067,0.3909952606635071
0.75,0.509090909090909,0.3128491620111732,0.3875432525951557
0.28,0.24347826086956523,0.9385474860335196,0.3866513233601841
0.29,0.24411764705882352,0.9273743016759777,0.38649592549476136
0.27,0.24103299856527977,0.9385474860335196,0.3835616438356164
0.26,0.2397743300423131,0.9497206703910615,0.38288288288288286
0.25,0.23789764868603042,0.9608938547486033,0.38137472283813745
0.76,0.5247524752475248,0.29608938547486036,0.37857142857142856
0.24,0.23529411764705882,0.9608938547486033,0.378021978021978
0.23,0.23118279569892472,0.9608938547486033,0.37269772481040087
0.22,0.22883597883597884,0.9664804469273743,0.3700534759358289
0.21,0.2255541069100391,0.9664804469273743,0.3657505285412262
0.2,0.2232258064516129,0.9664804469273743,0.36268343815513626
0.78,0.5402298850574713,0.26256983240223464,0.3533834586466165
0.77,0.5106382978723404,0.2681564245810056,0.3516483516483517
0.79,0.5641025641025641,0.24581005586592178,0.3424124513618677
0.8,0.5633802816901409,0.22346368715083798,0.32
0.81,0.5873015873015873,0.20670391061452514,0.30578512396694213
