Feature,Mean_Absolute_SHAP
numeric__engagement_score,0.04059236983291025
numeric__last_review_score,0.037003765960269
numeric__burnout_score,0.01301338776810227
numeric__total_working_years,0.008915184236636186
categorical__job_role_Data Engineer,0.007860799511251348
numeric__perceived_ai_job_risk,0.007582898123480349
numeric__manager_support_score,0.007176489368269006
numeric__years_at_company,0.006713504547267844
numeric__years_since_promotion,0.006600914838921994
numeric__num_prior_companies,0.00634954651591747
numeric__age,0.0055274095739757285
categorical__education_level_Bachelors,0.005471251260052685
numeric__commute_minutes,0.005371679584666425
categorical__gender_Male,0.0052785651231851815
numeric__salary_hike_pct,0.00518536813317793
numeric__job_level,0.004924087883515622
numeric__stock_option_level,0.0048911916429865065
categorical__department_Engineering,0.0039728363287099945
numeric__training_hours,0.003925765839614765
numeric__work_life_balance_score,0.0038030370527905788
numeric__overtime_hours_per_week,0.003496161367263079
numeric__uses_ai_tools_at_work,0.003438786634576034
categorical__job_role_R&D Manager,0.0033161302424457207
categorical__marital_status_Divorced,0.003313921644200544
categorical__marital_status_Married,0.002965013850013015
categorical__job_role_Sales Development Rep,0.0029458944790596033
categorical__marital_status_Single,0.0028265051444811406
categorical__work_mode_Remote,0.0027409977432423867
categorical__job_role_Finance Manager,0.002652576713697374
categorical__job_role_Financial Analyst,0.0026423007375151525
categorical__job_role_Operations Manager,0.002537291527202055
categorical__department_Sales,0.0025103009399521396
categorical__work_mode_Hybrid,0.0024189664020755446
categorical__job_role_Content Strategist,0.0022831496669990766
categorical__department_Finance,0.0022321396364644044
categorical__job_role_Recruiter,0.0022122485948702273
categorical__job_role_Accountant,0.002141904186323082
numeric__business_travel_days_per_year,0.0020411054889079845
categorical__education_level_Masters,0.0020121442213457577
categorical__department_Human Resources,0.0020065316490581074
categorical__job_role_Support Specialist,0.001924735616785433
numeric__monthly_income,0.0019142141908278288
categorical__job_role_HR Manager,0.001885265195508991
categorical__job_role_QA Engineer,0.0018653148251041227
categorical__job_role_Operations Analyst,0.0017382209497903208
categorical__gender_Non-binary,0.001668563958041976
categorical__gender_Female,0.0016009477175252184
categorical__department_Research & Development,0.0015849681852707952
categorical__job_role_Growth Manager,0.001572056876949502
categorical__job_role_Software Engineer,0.001433695463569134
categorical__education_level_PhD,0.0014296533948704082
categorical__job_role_Marketing Specialist,0.0013817370551298372
categorical__work_mode_Onsite,0.0013750402370027372
categorical__job_role_Support Team Lead,0.0013196165391779935
categorical__education_level_High School,0.0013150301199043118
categorical__job_role_Customer Success Manager,0.0013063939260413895
categorical__job_role_Engineering Manager,0.0012522183695407377
categorical__department_Operations,0.001242916494681556
categorical__job_role_Program Manager,0.0012396478377021093
categorical__job_role_Account Executive,0.0011785696576336506
categorical__department_Customer Support,0.0011395224014901176
categorical__department_Marketing,0.001083788257446607
categorical__job_role_HR Business Partner,0.0010704634478227396
categorical__gender_Prefer not to say,0.0010568905059935925
categorical__job_role_Product Researcher,0.0007471797434592218
categorical__job_role_Research Scientist,0.0006571914307004288
categorical__job_role_Sales Manager,0.000544436869036989
